000001.png,0
000021.png,0
000041.png,0
000061.png,0
000081.png,0
000394.png,1
000434.png,0
000454.png,0
000474.png,0
000494.png,0
000514.png,0
000534.png,0
000554.png,0
000574.png,0
000594.png,0
000614.png,0
000634.png,0
000654.png,0
000674.png,0
000694.png,0
000714.png,0
000734.png,0
000754.png,0
000774.png,0
000794.png,0
000814.png,0
000834.png,0
000854.png,0
000874.png,0
000894.png,0
000914.png,0
000934.png,0
000954.png,0
000974.png,0
000994.png,0
001014.png,0
001034.png,0
001054.png,0
001074.png,0
001094.png,0
001114.png,0
001134.png,0
001154.png,0
001174.png,0
001194.png,0
001214.png,0
001234.png,0
001254.png,0
001274.png,0
001294.png,0
001314.png,0
001334.png,0
001354.png,0
001374.png,0
001394.png,0
001414.png,0
001434.png,0
001454.png,0
001474.png,0
001494.png,0
001514.png,0
001534.png,0
001554.png,0
001574.png,0
001594.png,0
001614.png,0
001634.png,0
001654.png,0
001674.png,0
001694.png,0
001714.png,0
001734.png,0
001754.png,0
001774.png,0
001794.png,0
001814.png,0
001834.png,0
001854.png,0
001874.png,0
001894.png,0
001914.png,0
001934.png,0
001954.png,0
001974.png,0
001994.png,0
002014.png,0
002034.png,0
002054.png,0
002074.png,0
002094.png,0
002114.png,0
002134.png,0
002154.png,0
002174.png,0
002194.png,0
002214.png,0
002234.png,0
002254.png,0
002274.png,0
002294.png,0
002314.png,0
002334.png,0
002354.png,0
002374.png,0
002394.png,0
002414.png,0
002434.png,0
002454.png,0
002474.png,0
002494.png,0
002514.png,0
002534.png,0
002554.png,0
002574.png,0
002594.png,0
002614.png,0
002634.png,0
002654.png,0
002674.png,0
002694.png,0
002714.png,0
002734.png,0
002754.png,0
002774.png,0
002794.png,0
002814.png,0
002834.png,0
002854.png,0
002874.png,0
002894.png,0
002914.png,0
002934.png,0
002954.png,0
002974.png,0
002994.png,0
003014.png,0
003034.png,0
003054.png,0
003074.png,0
003094.png,0
003114.png,0
003134.png,0
003154.png,0
003174.png,0
003194.png,0
003214.png,0
003234.png,0
003254.png,0
003274.png,0
003294.png,0
003314.png,0
003334.png,0
003354.png,0
003374.png,0
003394.png,0
003414.png,0
003434.png,0
003454.png,0
003474.png,0
003494.png,0
003514.png,0
003534.png,0
003554.png,0
003574.png,0
003594.png,0
003614.png,0
003634.png,0
003654.png,0
003674.png,0
003694.png,0
003714.png,0
003734.png,1
003754.png,1
003774.png,0
003794.png,0
003814.png,0
003834.png,0
003854.png,0
003874.png,0
003894.png,0
003914.png,0
003934.png,0
003954.png,0
003974.png,0
003994.png,0
004014.png,0
004034.png,0
004054.png,0
004074.png,0
004094.png,0
004114.png,0
004134.png,0
004154.png,0
004174.png,0
004194.png,0
004214.png,0
004234.png,0
004254.png,0
004274.png,0
004294.png,0
004314.png,0
004334.png,0
004354.png,0
004374.png,0
004394.png,0
004414.png,0
004434.png,0
004454.png,0
004474.png,0
004494.png,0
004514.png,0
004534.png,0
004554.png,0
004574.png,0
004594.png,0
004614.png,0
004634.png,0
004654.png,0
004674.png,0
004694.png,0
004714.png,0
004734.png,0
004754.png,0
004774.png,0
004794.png,0
004814.png,0
004834.png,0
004854.png,0
004874.png,0
004894.png,0
004914.png,0
004934.png,0
004954.png,0
004974.png,0
004994.png,0
005014.png,0
005034.png,0
005054.png,0
005074.png,0
005094.png,0
005114.png,0
005134.png,0
005154.png,0
005174.png,0
005194.png,0
005214.png,0
005234.png,0
005254.png,0
005274.png,0
005294.png,0
005314.png,0
005334.png,0
005354.png,0
005374.png,0
005394.png,0
005414.png,0
005434.png,0
005454.png,0
005474.png,0
005494.png,0
005514.png,0
005534.png,0
005554.png,0
005574.png,0
005594.png,0
005614.png,0
005634.png,0
005654.png,0
005674.png,0
005694.png,0
005714.png,0
005734.png,0
005754.png,0
005774.png,0
005794.png,0
005814.png,0
005834.png,0
005854.png,0
005874.png,0
005894.png,0
005914.png,0
005934.png,0
005954.png,0
005974.png,0
005994.png,0
006014.png,0
006034.png,0
006054.png,0
006074.png,0
006094.png,0
006114.png,0
006134.png,0
006154.png,0
006174.png,0
006194.png,0
006214.png,0
006234.png,0
006254.png,0
006274.png,0
006294.png,0
006314.png,0
006334.png,0
006354.png,0
006374.png,0
006394.png,0
006414.png,0
006434.png,0
006454.png,0
006474.png,0
006494.png,0
006514.png,0
006534.png,0
006554.png,0
006574.png,0
006594.png,0
006614.png,0
006634.png,0
006654.png,0
006674.png,0
006694.png,0
006714.png,0
006734.png,0
006754.png,0
006774.png,0
006794.png,0
006814.png,0
006834.png,0
006854.png,0
006874.png,0
006894.png,0
006914.png,0
006934.png,0
006954.png,0
006974.png,0
006994.png,0
007014.png,0
007034.png,0
007054.png,0
007074.png,0
007094.png,0
007114.png,0
007134.png,0
007154.png,0
007174.png,0
007194.png,0
007214.png,0
007234.png,0
007254.png,0
007274.png,0
007294.png,0
007314.png,0
007334.png,0
007354.png,0
007374.png,0
007394.png,0
007414.png,0
007434.png,0
007454.png,0
007474.png,0
007494.png,0
007514.png,0
007534.png,0
007554.png,0
007574.png,0
007594.png,0
007614.png,0
007634.png,0
007654.png,0
007674.png,0
007694.png,0
007714.png,0
007734.png,0
007754.png,0
007774.png,0
007794.png,0
007814.png,1
007834.png,0
007854.png,0
007874.png,0
007894.png,0
007914.png,0
007934.png,0
007954.png,0
007974.png,0
007994.png,0
008014.png,0
008034.png,0
008054.png,0
008074.png,0
008094.png,0
008114.png,0
008134.png,0
008154.png,0
008174.png,0
008194.png,0
008214.png,0
008234.png,0
008254.png,0
008274.png,0
008294.png,0
008314.png,0
008334.png,0
008354.png,0
008374.png,0
008394.png,0
008414.png,0
008434.png,0
008454.png,0
008474.png,0
008494.png,0
008514.png,0
008534.png,0
008554.png,0
008574.png,0
008594.png,0
008614.png,0
008634.png,0
008654.png,0
008674.png,0
008694.png,0
008714.png,0
008734.png,0
008754.png,0
008774.png,0
008794.png,0
008814.png,0
008834.png,0
008854.png,0
008874.png,0
008894.png,0
008914.png,0
008934.png,0
008954.png,0
008974.png,0
008994.png,0
009014.png,0
009034.png,0
009054.png,0
009074.png,0
009094.png,0
009114.png,0
009134.png,0
009154.png,0
009174.png,0
009194.png,0
009214.png,0
009234.png,0
009254.png,0
009274.png,0
009294.png,0
009314.png,0
009334.png,0
009354.png,0
009374.png,0
009394.png,0
009414.png,0
009434.png,0
009454.png,0
009474.png,0
009494.png,0
009514.png,0
009534.png,0
009554.png,0
009574.png,0
009594.png,0
009614.png,0
009634.png,0
009654.png,0
009674.png,0
009694.png,0
009714.png,0
009734.png,0
009754.png,0
009774.png,0
009794.png,0
009814.png,0
009834.png,0
009854.png,0
009874.png,0
009894.png,0
009914.png,0
009934.png,0
009954.png,0
009974.png,0
009994.png,0
010014.png,0
010034.png,0
010054.png,0
010074.png,0
010094.png,0
010114.png,0
010134.png,0
010154.png,0
010174.png,0
010194.png,0
010214.png,0
010234.png,0
010254.png,0
010274.png,0
010294.png,0
010314.png,0
010334.png,0
010354.png,0
010374.png,0
010394.png,0
010414.png,0
010434.png,0
010454.png,0
010474.png,0
010494.png,0
010514.png,0
010534.png,0
010554.png,0
010574.png,0
010594.png,0
010614.png,0
010634.png,0
010654.png,0
010674.png,0
010694.png,0
010714.png,0
010734.png,0
010754.png,0
010774.png,0
010794.png,0
010814.png,0
010834.png,0
010854.png,0
010874.png,0
010894.png,0
010914.png,0
010934.png,0
010954.png,0
010974.png,0
010994.png,0
011014.png,0
011034.png,0
011054.png,0
011074.png,0
011094.png,0
011114.png,0
011134.png,0
011154.png,0
011174.png,0
011194.png,0
011214.png,0
011234.png,0
011254.png,0
011274.png,0
011294.png,0
011314.png,0
011334.png,0
011354.png,0
011374.png,0
011394.png,0
011414.png,0
011434.png,0
011454.png,0
011474.png,0
011494.png,0
011514.png,0
011534.png,0
011554.png,0
011574.png,0
011594.png,0
011614.png,0
011634.png,0
011654.png,0
011674.png,0
011694.png,0
011714.png,0
011734.png,0
011754.png,0
011774.png,0
011794.png,0
011814.png,0
011834.png,0
011854.png,0
011874.png,0
011894.png,0
011914.png,0
011934.png,0
011954.png,0
011974.png,0
011994.png,0
012014.png,0
012034.png,0
012054.png,0
012074.png,0
012094.png,0
012114.png,0
012134.png,0
012154.png,0
012174.png,0
012194.png,0
012214.png,0
012234.png,0
012254.png,0
012274.png,0
012294.png,0
012314.png,0
012334.png,0
012354.png,0
012374.png,0
012394.png,0
012414.png,0
012434.png,0
012454.png,0
012474.png,0
012494.png,0
012514.png,0
012534.png,0
012554.png,0
012574.png,0
012594.png,0
012614.png,0
012634.png,0
012654.png,0
012674.png,0
012694.png,0
012714.png,0
012734.png,0
012754.png,0
012774.png,0
012794.png,0
012814.png,0
012834.png,0
012854.png,0
012874.png,0
012894.png,0
012914.png,0
012934.png,0
012954.png,0
012974.png,0
012994.png,0
013014.png,0
013034.png,0
013054.png,0
013074.png,0
013094.png,0
013114.png,0
013134.png,0
013154.png,0
013174.png,0
013194.png,0
013214.png,0
013234.png,0
013254.png,0
013274.png,0
013294.png,0
013314.png,0
013334.png,0
013354.png,0
013374.png,0
013394.png,0
013414.png,0
013434.png,0
013454.png,0
013474.png,0
013494.png,0
013514.png,0
013534.png,0
013554.png,0
013574.png,0
013594.png,0
013614.png,0
013634.png,0
013654.png,0
013674.png,0
013694.png,0
013714.png,0
013734.png,0
013754.png,0
013774.png,0
013794.png,0
013814.png,0
013834.png,0
013854.png,0
013874.png,0
013894.png,0
013914.png,0
013934.png,0
013954.png,0
013974.png,0
013994.png,0
014014.png,0
014034.png,0
014054.png,0
014074.png,0
014094.png,0
014114.png,0
014134.png,0
014154.png,0
014174.png,0
014194.png,0
014214.png,0
014234.png,0
014254.png,0
014274.png,0
014294.png,0
014314.png,0
014334.png,0
014354.png,0
014374.png,0
014394.png,0
014414.png,0
014434.png,0
014454.png,0
014474.png,0
014494.png,0
014514.png,0
014534.png,0
014554.png,0
014574.png,0
014594.png,0
014614.png,0
014634.png,0
014654.png,0
014674.png,0
014694.png,0
014714.png,0
014734.png,0
014754.png,0
014774.png,0
014794.png,0
014814.png,0
014834.png,0
014854.png,0
014874.png,0
014894.png,0
014914.png,0
014934.png,0
014954.png,0
014974.png,0
014994.png,0
015014.png,0
015034.png,0
015054.png,0
015074.png,0
015094.png,0
015114.png,0
015134.png,0
015154.png,0
015174.png,0
015194.png,0
015214.png,0
015234.png,0
015254.png,0
015274.png,0
015294.png,0
015314.png,0
015334.png,0
015354.png,0
015374.png,0
015394.png,0
015414.png,0
015434.png,0
015454.png,0
015474.png,0
015494.png,0
015514.png,0
015534.png,0
015554.png,0
015574.png,0
015594.png,0
015614.png,0
015634.png,0
015654.png,0
015674.png,0
015694.png,0
015714.png,0
015734.png,0
015754.png,0
015774.png,0
015794.png,0
015814.png,0
015834.png,0
015854.png,0
015874.png,0
015894.png,0
015914.png,0
015934.png,0
015954.png,0
015974.png,0
015994.png,0
016014.png,0
016034.png,0
016054.png,0
016074.png,0
016094.png,0
016114.png,0
016134.png,0
016154.png,0
016174.png,0
016194.png,0
016214.png,0
016234.png,0
016254.png,0
016274.png,0
016294.png,0
016314.png,0
016334.png,0
016354.png,0
016374.png,0
016394.png,0
016414.png,0
016434.png,0
016454.png,0
016474.png,0
016494.png,0
016514.png,0
016534.png,0
016554.png,0
016574.png,0
016594.png,0
016614.png,0
016634.png,0
016654.png,0
016674.png,0
016694.png,0
016714.png,0
016734.png,0
016754.png,0
016774.png,0
016794.png,0
016814.png,0
016834.png,0
016854.png,0
016874.png,0
016894.png,0
016914.png,0
016934.png,0
016954.png,0
016974.png,0
016994.png,0
017014.png,0
017034.png,0
017054.png,0
017074.png,0
017094.png,0
017114.png,0
017134.png,0
017154.png,0
017174.png,0
017194.png,0
017214.png,0
017234.png,0
017254.png,0
017274.png,0
017294.png,0
017314.png,0
017334.png,0
017354.png,0
017374.png,0
017394.png,0
017414.png,0
017434.png,0
017454.png,0
017474.png,0
017494.png,0
017514.png,0
017534.png,0
017554.png,0
017574.png,0
017594.png,0
017614.png,0
017634.png,0
017654.png,0
017674.png,0
017694.png,0
017714.png,0
017734.png,0
017754.png,0
017774.png,0
017794.png,0
017814.png,0
017834.png,0
017854.png,0
017874.png,0
017894.png,0
017914.png,0
017934.png,0
017954.png,0
017974.png,0
017994.png,0
018014.png,0
018034.png,0
018054.png,0
018074.png,0
018094.png,0
018114.png,0
018134.png,0
018154.png,0
018174.png,0
018194.png,0
018214.png,0
018234.png,0
018254.png,0
018274.png,0
018294.png,0
018314.png,0
018334.png,0
018354.png,0
018374.png,0
018394.png,0
018414.png,0
018434.png,0
018454.png,0
018474.png,0
018494.png,0
018514.png,0
018534.png,0
018554.png,0
018574.png,0
018594.png,0
018614.png,0
018634.png,0
018654.png,0
018674.png,0
018694.png,0
018714.png,0
018734.png,0
018754.png,0
018774.png,0
018794.png,0
018814.png,0
018834.png,0
018854.png,0
018874.png,0
018894.png,0
018914.png,0
018934.png,0
018954.png,0
018974.png,0
018994.png,0
019014.png,0
019034.png,0
019054.png,0
019074.png,0
019094.png,0
019114.png,0
019134.png,0
019154.png,0
019174.png,0
019194.png,0
019214.png,0
019234.png,0
019254.png,0
019274.png,0
019294.png,0
019314.png,0
019334.png,0
019354.png,0
019374.png,0
019394.png,0
019414.png,0
019434.png,0
019454.png,0
019474.png,0
019494.png,0
019514.png,0
019534.png,0
019554.png,0
019574.png,0
019594.png,0
019614.png,0
019634.png,0
019654.png,0
019674.png,0
019694.png,0
019714.png,0
019734.png,0
019754.png,0
019774.png,0
019794.png,0
019814.png,0
019834.png,0
019854.png,0
019874.png,0
019894.png,0
019914.png,0
019934.png,0
019954.png,0
019974.png,0
019994.png,0
020014.png,0
020034.png,0
020054.png,0
020074.png,0
020094.png,0
020114.png,0
020134.png,0
020154.png,0
020174.png,0
020194.png,0
020214.png,0
020234.png,0
020254.png,0
020274.png,0
020294.png,0
020314.png,0
020334.png,0
020354.png,0
020374.png,0
020394.png,0
020414.png,0
020434.png,0
020454.png,0
020474.png,0
020494.png,0
020514.png,0
020534.png,0
020554.png,0
020574.png,0
020594.png,0
020614.png,0
020634.png,0
020654.png,0
020674.png,0
020694.png,0
020714.png,0
020734.png,0
020754.png,0
020774.png,0
020794.png,0
020814.png,0
020834.png,0
020854.png,0
020874.png,0
020894.png,0
020914.png,0
020934.png,0
020954.png,0
020974.png,0
020994.png,0
021014.png,0
021034.png,0
021054.png,0
021074.png,0
021094.png,0
021114.png,0
021134.png,0
021154.png,0
021174.png,0
021194.png,0
021214.png,0
021234.png,0
021254.png,0
021274.png,0
021294.png,0
021314.png,0
021334.png,0
021354.png,0
021374.png,0
021394.png,0
021414.png,0
021434.png,0
021454.png,0
021474.png,0
021494.png,0
021514.png,0
021534.png,0
021554.png,0
021574.png,0
021594.png,0
021614.png,0
021634.png,0
021654.png,0
021674.png,0
021694.png,0
021714.png,0
021734.png,0
021754.png,0
021774.png,0
021794.png,0
021814.png,0
021834.png,0
021854.png,0
021874.png,0
021894.png,0
021914.png,0
021934.png,0
021954.png,0
021974.png,0
021994.png,0
022014.png,0
022034.png,0
022054.png,0
022074.png,0
022094.png,0
022114.png,0
022134.png,0
022154.png,0
022174.png,0
022194.png,0
022214.png,0
022234.png,0
022254.png,0
022274.png,0
022294.png,0
022314.png,0
022334.png,0
022354.png,0
022374.png,0
022394.png,0
022414.png,0
022434.png,0
022454.png,0
022474.png,0
022494.png,0
022514.png,0
022534.png,0
022554.png,0
022574.png,0
022594.png,0
022614.png,0
022634.png,0
022654.png,0
022674.png,0
022694.png,0
022714.png,0
022734.png,0
022754.png,0
022774.png,0
022794.png,0
022814.png,0
022834.png,0
022854.png,0
022874.png,0
022894.png,0
022914.png,0
022934.png,0
022954.png,0
022974.png,0
022994.png,0
023014.png,0
023034.png,0
023054.png,0
023074.png,0
023094.png,0
023114.png,0
023134.png,0
023154.png,0
023174.png,0
023194.png,0
023214.png,0
023234.png,0
023254.png,0
023274.png,0
023294.png,0
023314.png,0
023334.png,0
023354.png,0
023374.png,0
023394.png,0
023414.png,0
023434.png,0
023454.png,0
023474.png,0
023494.png,0
023514.png,0
023534.png,0
023554.png,0
023574.png,0
023594.png,0
023614.png,0
023634.png,0
023654.png,0
023674.png,0
023694.png,0
023714.png,0
023734.png,0
023754.png,0
023774.png,0
023794.png,0
023814.png,0
023834.png,0
023854.png,0
023874.png,0
023894.png,0
023914.png,0
023934.png,0
023954.png,0
023974.png,0
023994.png,0
024014.png,0
024034.png,0
024054.png,0
024074.png,0
024094.png,0
024114.png,0
024134.png,0
024154.png,0
024174.png,0
024194.png,0
024214.png,0
024234.png,0
024254.png,0
024274.png,0
024294.png,0
024314.png,0
024334.png,0
024354.png,0
024374.png,0
024394.png,0
024414.png,0
024434.png,0
024454.png,0
024474.png,0
024494.png,0
024514.png,0
024534.png,0
024554.png,0
024574.png,0
024594.png,0
024614.png,0
024634.png,0
024654.png,0
024674.png,0
024694.png,0
024714.png,0
024734.png,0
024754.png,0
024774.png,0
024794.png,0
024814.png,0
024834.png,0
024854.png,0
024874.png,0
024894.png,0
024914.png,0
024934.png,0
024954.png,0
024974.png,0
024994.png,0
025014.png,0
025034.png,0
025054.png,0
025074.png,0
025094.png,0
025114.png,0
025134.png,0
025154.png,0
025174.png,0
025194.png,0
025214.png,0
025234.png,0
025254.png,0
025274.png,0
025294.png,0
025314.png,0
025334.png,0
025354.png,0
025374.png,0
025394.png,0
025414.png,0
025434.png,0
025454.png,0
025474.png,0
025494.png,0
025514.png,0
025534.png,0
025554.png,0
025574.png,0
025594.png,0
025614.png,0
025634.png,0
025654.png,0
025674.png,0
025694.png,0
025714.png,0
025734.png,0
025754.png,0
025774.png,0
025794.png,0
025814.png,0
025834.png,0
025854.png,0
025874.png,0
025894.png,0
025914.png,0
025934.png,0
025954.png,0
025974.png,0
025994.png,0
026014.png,0
026034.png,0
026054.png,0
026074.png,0
026094.png,0
026114.png,0
026134.png,0
026154.png,0
026174.png,0
026194.png,0
026214.png,0
026234.png,0
026254.png,0
026274.png,0
026294.png,0
026314.png,0
026334.png,0
026354.png,0
026374.png,0
026394.png,0
026414.png,0
026434.png,0
026454.png,0
026474.png,0
026494.png,0
026514.png,0
026534.png,0
026554.png,0
026574.png,0
026594.png,0
026614.png,0
026634.png,0
026654.png,0
026674.png,0
026694.png,0
026714.png,0
026734.png,0
026754.png,0
026774.png,0
026794.png,0
026814.png,0
026834.png,0
026854.png,0
026874.png,0
026894.png,0
026914.png,0
026934.png,0
026954.png,0
026974.png,0
026994.png,0
027014.png,0
027034.png,0
027054.png,0
027074.png,0
027094.png,0
027114.png,0
027134.png,0
027154.png,0
027174.png,0
027194.png,0
027214.png,0
027234.png,0
027254.png,0
027274.png,0
027294.png,0
027314.png,0
027334.png,0
027354.png,0
027374.png,0
027394.png,0
027414.png,0
027434.png,0
027454.png,0
027474.png,0
027494.png,0
027514.png,0
027534.png,0
027554.png,0
027574.png,0
027594.png,0
027614.png,0
027634.png,0
027654.png,0
027674.png,0
027694.png,0
027714.png,0
027734.png,0
027754.png,0
027774.png,0
027794.png,0
027814.png,0
027834.png,0
027854.png,0
027874.png,0
027894.png,0
027914.png,0
027934.png,0
027954.png,0
027974.png,0
027994.png,0
028014.png,0
028034.png,0
028054.png,0
028074.png,0
028094.png,0
028114.png,0
028134.png,0
028154.png,0
028174.png,0
028194.png,0
028214.png,0
028234.png,0
028254.png,0
028274.png,0
028294.png,0
028314.png,0
028334.png,0
028354.png,0
028374.png,0
028394.png,0
028414.png,0
028434.png,0
028454.png,0
028474.png,0
028494.png,0
028514.png,0
028534.png,0
028554.png,0
028574.png,0
028594.png,0
028614.png,0
028634.png,0
028654.png,0
028674.png,0
028694.png,0
028714.png,0
028734.png,0
028754.png,0
028774.png,0
028794.png,0
028814.png,0
028834.png,0
028854.png,0
028874.png,0
028894.png,0
028914.png,0
028934.png,0
028954.png,0
028974.png,0
028994.png,0
029014.png,0
029034.png,0
029054.png,0
029074.png,0
029094.png,0
029114.png,0
029134.png,0
029154.png,0
029174.png,0
029194.png,0
029214.png,0
029234.png,0
029254.png,0
029274.png,0
029294.png,0
029314.png,0
029334.png,0
029354.png,0
029374.png,0
029394.png,0
029414.png,0
029434.png,0
029454.png,0
029474.png,0
029494.png,0
029514.png,0
029534.png,0
029554.png,0
029574.png,0
029594.png,0
029614.png,0
029634.png,0
029654.png,0
029674.png,0
029694.png,0
029714.png,0
029734.png,0
029754.png,0
029774.png,0
029794.png,0
029814.png,0
029834.png,0
029854.png,0
029874.png,0
029894.png,0
029914.png,0
029934.png,0
029954.png,0
029974.png,0
029994.png,0
030014.png,0
030034.png,0
030054.png,0
030074.png,0
030094.png,0
030114.png,0
030134.png,0
030154.png,0
030174.png,0
030194.png,0
030214.png,0
030234.png,0
030254.png,0
030274.png,0
030294.png,0
030314.png,0
030334.png,0
030354.png,0
030374.png,0
030394.png,0
030414.png,0
030434.png,0
030454.png,0
030474.png,0
030494.png,0
030514.png,0
030534.png,0
030554.png,0
030574.png,0
030594.png,0
030614.png,0
030634.png,0
030654.png,0
030674.png,0
030694.png,0
030714.png,0
030734.png,0
030754.png,0
030774.png,0
030794.png,0
030814.png,0
030834.png,0
030854.png,0
030874.png,0
030894.png,0
030914.png,0
030934.png,0
030954.png,0
030974.png,0
030994.png,0
031014.png,0
031034.png,0
031054.png,0
031074.png,0
031094.png,0
031114.png,0
031134.png,0
031154.png,0
031174.png,0
031194.png,0
031214.png,0
031234.png,0
031254.png,0
031274.png,0
031294.png,0
031314.png,0
031334.png,0
031354.png,0
031374.png,0
031394.png,0
031414.png,0
031434.png,0
031454.png,0
031474.png,0
031494.png,0
031514.png,0
031534.png,0
031554.png,0
031574.png,0
031594.png,0
031614.png,0
031634.png,0
031654.png,0
031674.png,0
031694.png,0
031714.png,0
031734.png,0
031754.png,0
031774.png,0
031794.png,0
031814.png,0
031834.png,0
031854.png,0
031874.png,0
031894.png,0
031914.png,0
031934.png,0
031954.png,0
031974.png,0
031994.png,0
032014.png,0
032034.png,0
032054.png,0
032074.png,0
032094.png,0
032114.png,0
032134.png,0
032154.png,0
032174.png,0
032194.png,0
032214.png,0
032234.png,0
032254.png,0
032274.png,0
032294.png,0
032314.png,0
032334.png,0
032354.png,0
032374.png,0
032394.png,0
032414.png,0
032434.png,0
032454.png,0
032474.png,0
032494.png,0
032514.png,0
032534.png,0
032554.png,0
032574.png,0
032594.png,0
032614.png,0
032634.png,0
032654.png,0
032674.png,0
032694.png,0
032714.png,0
032734.png,0
032754.png,0
032774.png,0
032794.png,0
032814.png,0
032834.png,0
032854.png,0
032874.png,0
032894.png,0
032914.png,0
032934.png,0
032954.png,0
032974.png,0
032994.png,0
033014.png,0
033034.png,0
033054.png,0
033074.png,0
033094.png,0
033114.png,0
033134.png,0
033154.png,0
033174.png,0
033194.png,0
033214.png,0
033234.png,0
033254.png,0
033274.png,0
